resource,number of links,number of mentions,,
i,2,59901,http://retarded.i.am & ?,
about,1,11480,,
code,13,11106,,
up,2,9881,http://mooshak.dcc.fc.up.pt,Mooshak is a system for managing programming contests on the Web.
good,1,9274,,
time,3,9121,,
python,28,5099,,
java,2,5060,,
go,1,4910,,
might,4,3298,,
bit,3,2647,,
example,1,2635,,
free,1,2466,,
reddit,1678,2369,,
html,1,2261,,
google,41,2102,,
php,12,1733,,
last,3,1519,,
us,1,1462,,
wikipedia,945,1414,,
github,97,1367,,
youtube,261,1107,,
android,19,1021,,
play,1,770,,
stack,1,736,,
vim,3,703,,
study,1,644,,
codecademy,0,640,,
reference,1,607,,
amazon,411,578,,
imgur,474,519,,
answers,1,515,,
udacity,0,511,,
coursera,0,502,,
microsoft,53,471,,
mit,134,436,,
damn,1,423,,
eclipse,5,422,,
haskell,3,418,,
stackoverflow,169,405,,
jquery,5,392,,
modern,3,385,,
typing,2,375,,
edx,0,370,,
codeacademy,0,359,,
human,1,319,,
bash,2,309,,
perl,1,283,,
apple,3,268,,
chrome,1,263,,
mysql,3,245,,
facebook,3,245,,
processing,10,244,,
salary,4,242,,
stanford,48,232,,
oracle,46,217,,
indeed,3,217,,
cs50,15,210,,
ubuntu,2,209,,
json,1,207,,
import,2,195,,
harvard,7,194,,
xkcd,157,192,,
faqs,2,192,,
notepad,1,190,,
asp,6,187,,
twitter,5,171,,
wordpress,32,156,,
color,9,156,,
udemy,0,154,,
db,1,152,,
turing,3,147,,
mooc,5,146,,
bitbucket,4,139,,
pygame,15,138,,
mod,1,133,,
spring,2,124,,
thenewboston,15,123,,
lua,1,123,,
die,3,123,,
apache,5,120,,
twitch,23,116,,
arduino,3,115,,
lynda,11,110,,
compsci,1,109,,
codeschool,14,107,,
brackets,2,102,,
projecteuler,38,99,,
msdn,11,97,,
interviewing,1,97,,
mozilla,1,92,,
opengl,1,90,,
inventwithpython,69,89,,
pair,1,88,,
al,2,82,,
w3schools,12,81,,
cpp,1,81,,
clojure,1,81,,
lego,1,78,,
gnu,9,78,,
uh,1,75,,
notch,1,74,,
gamedev,4,74,,
boost,1,74,,
patience,1,73,,
awk,1,73,,
learnpythonthehardway,59,70,,
possibility,1,69,,
stackexchange,35,68,,
meetup,16,68,,
berkeley,18,64,,
archive,3,64,,
dice,4,63,,
linkedin,1,58,,
khanacademy,16,58,,
adobe,2,58,,
mongodb,5,57,,
heroku,3,56,,
codingbat,23,56,,
angularjs,1,56,,
youtu,41,55,,
ed,1,54,,
wikimedia,11,53,,
intel,2,53,,
teamtreehouse,14,52,,
meh,1,51,,
vice,1,50,,
unity3d,14,50,,
nodejs,8,50,,
sun,1,49,,
explainxkcd,49,49,,
wp,1,48,,
pluralsight,10,48,,
nginx,3,48,,
codecombat,17,48,,
learnpython,0,47,,
jetbrains,18,47,,
exercism,17,47,,
norvig,17,46,,
codeabbey,35,46,,
xkcdref,45,45,,
oreilly,40,45,,
elementary,1,45,,
alice,7,45,,
stroustrup,11,44,,
minus,3,43,,
ibm,1,43,,
fool,2,43,,
princeton,17,42,,
codewars,11,42,,
blender,6,42,,
sqlite,1,41,,
programarcadegames,36,41,,
debian,4,40,,
blogspot,40,40,,
ti,3,39,,
kickstarter,4,39,,
codinghorror,37,39,,
theodinproject,25,38,,
git-scm,39,38,,
ted,8,36,,
freenode,2,36,,
sourceforge,29,35,,
pastebin,21,34,,
loc,1,34,,
learncodethehardway,30,34,,
class-central,27,34,,
opensource,1,33,,
diff,1,32,,
motherfucker,1,31,,
coffeescript,2,31,,
quora,12,30,,
ny,2,29,,
gnome,1,29,,
tutsplus,17,28,,
programmingbydoing,21,28,,
numpy,1,28,,
mingw,1,28,,
gitlab,1,28,,
checkio,10,28,,
unicode,1,27,,
tumblr,21,27,,
catb,29,27,,
freecodecamp,8,26,,
cracked,1,26,,
bluej,3,26,,
repl,1,25,,
itch,5,25,,
wired,6,24,,
tiobe,16,24,,
gimp,2,24,,
w3,14,23,,
tcl,7,23,,
brown,3,23,,
rosalind,9,22,,
nasa,2,22,,
jsfiddle,12,22,,
inc,1,22,,
hackerrank,5,22,,
freebsd,2,22,,
vimeo,10,21,,
scipy,2,21,,
interactivepython,8,21,,
ideone,13,21,,
golang,7,21,,
c2,14,21,,
york,1,20,,
ycombinator,4,20,,
xamarin,3,20,,
railstutorial,12,20,,
opera,1,20,,
microsoftvirtualacademy,16,20,,
manning,11,20,,
lmgtfy,8,20,,
junit,2,20,,
joelonsoftware,20,20,,
dreamincode,14,20,,
atlassian,1,20,,
topcoder,4,19,,
eloquent javascript,0,19,,
cplusplus,11,19,,
c3,1,19,,
wolframalpha,17,18,,
washington,4,18,,
sublimetext,9,18,,
livecode,5,18,,
crockford,1,18,,
w3fools,5,17,,
lifehacker,3,17,,
estonia,1,17,,
stdout,1,16,,
reactiongifs,3,16,,
iso,2,16,,
smith,1,15,,
sentdex,2,15,,
love2d,2,15,,
llvm,1,15,,
greenteapress,16,15,,
grails,1,15,,
glassdoor,5,15,,
eev,15,15,,
cmu,8,15,,
canonical,3,15,,
biz,1,15,,
tutorialspoint,13,14,,
thinkful,9,14,,
rubymonk,0,14,,
programming-motherfucker,13,14,,
kivy,3,14,,
harry,1,14,,
evernote,2,14,,
dilbert,4,14,,
cppreference,14,14,,
autohotkey,2,14,,
acm,4,14,,
z80,2,13,,
wikia,9,13,,
visualstudio,4,13,,
utf-8,1,13,,
monogame,2,13,,
ktbyte,4,13,,
it-ebooks,11,13,,
helsinki,5,13,,
googlecode,11,13,,
gatech,6,13,,
eloquentjavascript,14,13,,
codeproject,12,13,,
codepen,5,13,,
codeday,3,13,,
cl,1,13,,
chromium,1,13,,
c64,1,13,,
brew,2,13,,
automatetheboringstuff,9,13,,
uwaterloo,7,12,,
tryruby,0,12,,
technet,1,12,,
stallman,2,12,,
slate,3,12,,
regular-expressions,4,12,,
railscasts,5,12,,
purdue,1,12,,
lwjgl,2,12,,
ebay,1,12,,
codeavengers,7,12,,
autodesk,4,12,,
xubuntu,1,11,,
wikis,1,11,,
virginia,2,11,,
sqlzoo,6,11,,
ruby-doc,12,11,,
rochester,1,11,,
readthedocs,6,11,,
quickmeme,3,11,,
phonegap,1,11,,
nand2tetris,8,11,,
imdb,2,11,,
htdp,6,11,,
cs61a,1,11,,
arizona,2,11,,
wikibooks,9,10,,
thoughtworks,1,10,,
thecherno,1,10,,
rosettacode,9,10,,
raspberrypi,4,10,,
puu,11,10,,
greenfoot,3,10,,
epicodus,1,10,,
di,1,10,,
cs75,6,10,,
codeforces,3,10,,
cheat-sheets,4,10,,
zend,1,9,,
vogella,8,9,,
utah,1,9,,
tldp,9,9,,
thedailywtf,8,9,,
sijinjoseph,9,9,,
redditenhancementsuite,11,9,,
pragprog,7,9,,
launchcode,4,9,,
ipython,1,9,,
ikea,1,9,,
htmldog,9,9,,
hanselman,6,9,,
dx,1,9,,
cpan,2,9,,
computerscienceforeveryone,6,9,,
codeplex,4,9,,
bukkit,2,9,,
bloc,1,9,,
appinventor,3,9,,
vim-adventures,7,8,,
try python,0,8,,
thepiratebay,6,8,,
sourcetreeapp,7,8,,
sourcemaking,7,8,,
slant,2,8,,
saylor,5,8,,
rubyonrails,4,8,,
rpi,1,8,,
lth,7,8,,
linuxcommand,8,8,,
isic,1,8,,
hanselminutes,1,8,,
handmadehero,2,8,,
gameprogrammingpatterns,8,8,,
destroyallsoftware,1,8,,
css-tricks,6,8,,
cornell,4,8,,
codespells,1,8,,
codepad,4,8,,
cocos2d,1,8,,
cam,3,8,,
c9,1,8,,
businessinsider,8,8,,
barebones,1,8,,
atmel,2,8,,
arstechnica,8,8,,
appspot,6,8,,
wolfram,2,7,,
ureddit,3,7,,
urbandictionary,7,7,,
uci,5,7,,
spoj,5,7,,
schneems,6,7,,
sadistic,1,7,,
resrc,2,7,,
realpython,2,7,,
programmingpraxis,7,7,,
pocoo,6,7,,
paulgraham,7,7,,
osdev,4,7,,
nostarch,7,7,,
netsec,1,7,,
mysite,2,7,,
monodevelop,3,7,,
mono-project,8,7,,
learnxinyminutes,5,7,,
learneroo,6,7,,
instructables,5,7,,
instacurate,4,7,,
inkscape,1,7,,
hackreactor,4,7,,
gladwell,1,7,,
gaben,1,7,,
dribbble,2,7,,
diveintopython3,3,7,,
devdocs,4,7,,
crummy,4,7,,
cprogramming,6,7,,
computercraft,1,7,,
caveofprogramming,0,7,,
cat-v,7,7,,
appacademy,4,7,,
amazonaws,2,7,,
yale,4,6,,
xmind,2,6,,
wxwidgets,1,6,,
wiktionary,2,6,,
weebly,6,6,,
veekun,6,6,,
utexas,4,6,,
techpounce,5,6,,
sparkfun,1,6,,
slidenerd,1,6,,
scrapy,4,6,,
scotthyoung,6,6,,
rubygems,1,6,,
regexr,4,6,,
regexone,3,6,,
programmersmotivation,5,6,,
overthewire,4,6,,
overapi,4,6,,
openhatch,1,6,,
ogre3d,2,6,,
nltk,2,6,,
mysliderule,2,6,,
mollyrocket,6,6,,
mechanicalkeyboards,1,6,,
mbsy,6,6,,
lolcode,2,6,,
learnyouahaskell,6,6,,
learnstreet,3,6,,
learncpp,4,6,,
javascriptissexy,6,6,,
iupui,2,6,,
illinois,1,6,,
howtogeek,6,6,,
horstmann,3,6,,
herokuapp,2,6,,
goodreads,3,6,,
expressjs,2,6,,
duckduckgo,1,6,,
daedtech,6,6,,
codeunion,3,6,,
cnn,2,6,,
bls,5,6,,
beej,4,6,,
yourbank,2,5,,
wxpython,1,5,,
wordnik,2,5,,
whatcanidoformozilla,4,5,,
watchpeoplecode,1,5,,
va,1,5,,
trhou,5,5,,
thisdeveloperslife,5,5,,
thecodeplayer,4,5,,
textfiles,1,5,,
smallbasic,3,5,,
slideshare,4,5,,
slashdot,4,5,,
sketchup,1,5,,
sitepoint,4,5,,
selenic,5,5,,
robmiles,5,5,,
roblox,1,5,,
regex101,3,5,,
qr,1,5,,
pythonchallenge,4,5,,
pythonanywhere,1,5,,
pydata,2,5,,
polygon,1,5,,
phaser,1,5,,
peepcode,1,5,,
parallax,1,5,,
pandawhale,5,5,,
nvie,5,5,,
netbsd,1,5,,
ludumdare,5,5,,
justgetflux,4,5,,
jslint,3,5,,
informit,2,5,,
ietf,3,5,,
hitbox,1,5,,
hackthissite,2,5,,
grymoire,4,5,,
gigamonkeys,3,5,,
gfycat,3,5,,
gfxile,5,5,,
getbootstrap,5,5,,
geeksforgeeks,2,5,,
forbes,4,5,,
ericlippert,5,5,,
djangobook,3,5,,
devbootcamp,2,5,,
dec64,1,5,,
dartlang,1,5,,
dadgum,5,5,,
colobot,1,5,,
coderbyte,3,5,,
cnet,3,5,,
bongosys,1,5,,
bg,1,5,,
balsamiq,3,5,,
alistapart,4,5,,
af,1,5,,
adafruit,1,5,,
zurb,1,4,,
zedshaw,4,4,,
yoyogames,2,4,,
xmonad,1,4,,
wibit,1,4,,
w3techs,4,4,,
vu,2,4,,
visualgo,2,4,,
use-the-index-luke,4,4,,
upenn,3,4,,
umuc,2,4,,
ucsd,1,4,,
ucla,2,4,,
tripod,2,4,,
tidesdk,3,4,,
thoughtbot,1,4,,
symfony,1,4,,
steampowered,5,4,,
stacknotes,4,4,,
sqlservercentral,3,4,,
spacechemthegame,4,4,,
safaribooksonline,1,4,,
rug,1,4,,
rubykoans,5,4,,
rit,1,4,,
raywenderlich,2,4,,
rackspace,1,4,,
pythonprogramming,3,4,,
psu,2,4,,
programminggames,1,4,,
programming-challenges,1,4,,
perlmonks,3,4,,
pennapps,1,4,,
patrickjmt,2,4,,
opentk,1,4,,
opencv,2,4,,
nongnu,2,4,,
noip,3,4,,
noexcuselist,4,4,,
nodeschool,2,4,,
nesdev,2,4,,
monkeybars,2,4,,
mines,1,4,,
memrise,4,4,,
lxml,2,4,,
lsu,1,4,,
lowendbox,3,4,,
linuxquestions,1,4,,
linuxmint,1,4,,
libsdl,1,4,,
libgen,4,4,,
learnrubythehardway,3,4,,
learnhowtoprogram,1,4,,
learn-c,1,4,,
lambda-the-ultimate,4,4,,
jsbin,3,4,,
jenniferdewalt,4,4,,
infoworld,3,4,,
infoq,4,4,,
hws,3,4,,
html5rocks,4,4,,
highscalability,4,4,,
highercomputingforeveryone,3,4,,
hhvm,1,4,,
hashids,2,4,,
hammerprinciple,4,4,,
halfapp,3,4,,
googleusercontent,3,4,,
goo,1,4,,
gitorious,1,4,,
gitimmersion,4,4,,
geekmindfitness,3,4,,
geany,2,4,,
gartner,2,4,,
gamasutra,2,4,,
esolangs,1,4,,
ep,1,4,,
duke,1,4,,
dlworld,4,4,,
deviantart,3,4,,
csszengarden,4,4,,
cryptopals,4,4,,
codingame,3,4,,
codetunnel,4,4,,
coderweekly,4,4,,
codeofhonor,3,4,,
codementor,1,4,,
codehs,2,4,,
cf,1,4,,
buildsomethingawesome,3,4,,
bristol,1,4,,
bell-labs,4,4,,
andrewcomeau,5,4,,
aduni,2,4,,
addedbytes,2,4,,
3dbuzz,2,4,,
2shared,4,4,,
0x10c,1,4,,
zombo,1,3,,
zeusedit,4,3,,
zdnet,3,3,,
xoax,3,3,,
worrydream,3,3,,
worldofspectrum,3,3,,
windowsphone,1,3,,
williamha,2,3,,
wikispaces,1,3,,
wikihow,3,3,,
wikidot,3,3,,
webplatform,3,3,,
verou,3,3,,
verious,3,3,,
venturebeat,3,3,,
vagrantup,3,3,,
usaco,1,3,,
uoregon,2,3,,
unpythonic,1,3,,
umass,1,3,,
ubuntuforums,2,3,,
tryclj,3,3,,
toonstore,1,3,,
tinyurl,2,3,,
techrepublic,3,3,,
techether,1,3,,
tangowithdjango,3,3,,
stencyl,2,3,,
startbootstrap,1,3,,
sqlbolt,2,3,,
spidergems,3,3,,
sorting-algorithms,3,3,,
smbc-comics,3,3,,
smashingmagazine,3,3,,
sinatrarb,3,3,,
sigfpe,3,3,,
shoesrb,2,3,,
secondlife,2,3,,
runrev,3,3,,
rubyquiz,2,3,,
rt,1,3,,
rmotr,3,3,,
regexper,3,3,,
regexpal,3,3,,
regexlib,3,3,,
redd,3,3,,
radd,1,3,,
quibbler,1,3,,
qt-project,3,3,,
qnx,1,3,,
programmableweb,3,3,,
plantuml,1,3,,
peopleofhonoronly,3,3,,
penny-arcade,3,3,,
pearsoncmg,3,3,,
payscale,2,3,,
paletton,2,3,,
packtpub,1,3,,
openbookproject,3,3,,
onlinejudge,3,3,,
onegameamonth,2,3,,
objectmentor,3,3,,
nytimes,3,3,,
nsf,1,3,,
noisli,2,3,,
nocookie,3,3,,
nixsrv,3,3,,
nintendoage,3,3,,
nicoschuele,4,3,,
ngkarma,2,3,,
newegg,1,3,,
motherfuckingwebsite,3,3,,
modeanalytics,2,3,,
mlh,2,3,,
mkyong,4,3,,
mhacks,1,3,,
merriam-webster,2,3,,
mdx,3,3,,
martinfowler,3,3,,
martincarlisle,3,3,,
makerbased,5,3,,
makegameswith,1,3,,
learnvisualstudio,2,3,,
lavancier,3,3,,
launchacademy,2,3,,
kilobolt,2,3,,
kck,3,3,,
joystiq,1,3,,
jhu,1,3,,
itmaybeahack,3,3,,
isocpp,1,3,,
howdoyoucode,1,3,,
homeandlearn,2,3,,
hitchhiketheinternet,2,3,,
hindilyrics,3,3,,
highcharts,2,3,,
hellowebapp,3,3,,
headfirstlabs,4,3,,
gyazo,3,3,,
gutenberg,1,3,,
gskinner,2,3,,
godbolt,3,3,,
git-tower,3,3,,
galvanize,3,3,,
funprogramming,1,3,,
foxite,2,3,,
fastcompany,2,3,,
ember-cli,2,3,,
e-reading,3,3,,
dzone,3,3,,
dur,1,3,,
dungeonsanddevelopers,3,3,,
dropcanvas,2,3,,
downloadmoreram,2,3,,
dotnetperls,3,3,,
dojo,1,3,,
diveintopython,3,3,,
devfactor,3,3,,
davidbauer,1,3,,
dashes,1,3,,
darcs,1,3,,
dabeaz,3,3,,
cybrary,2,3,,
cube-drone,3,3,,
csharpcourse,4,3,,
createjs,1,3,,
corewars,1,3,,
codingdojo,3,3,,
codecondo,3,3,,
codechef,1,3,,
cleancoders,2,3,,
ceebot,3,3,,
ccsu,2,3,,
cc2e,3,3,,
carlcheo,3,3,,
careerfoundry,3,3,,
careercup,2,3,,
byond,1,3,,
briggs,1,3,,
bittorrent,1,3,,
bitnami,1,3,,
bisquits,2,3,,
bignerdranch,2,3,,
bentobox,2,3,,
bbc,1,3,,
bastardsbook,3,3,,
barrywatson,3,3,,
baldursgate,1,3,,
audible,1,3,,
asana,1,3,,
armorgames,3,3,,
aosabook,3,3,,
antrikshy,1,3,,
angelfire,1,3,,
amix,2,3,,
aisandbox,2,3,,
aichallenge,3,3,,
agupieware,3,3,,
adainitiative,3,3,,
actian,2,3,,
academicearth,3,3,,
abstrusegoose,3,3,,
zeromq,1,2,,
yworks,2,2,,
yourfirstwebapp,2,2,,
yandex,1,2,,
wooledge,2,2,,
wisc,2,2,,
wesbos,1,2,,
weknowmemes,2,2,,
wedubox,1,2,,
vt,1,2,,
vikingcodeschool,2,2,,
viemu,1,2,,
valvesoftware,1,2,,
usnews,2,2,,
usfca,1,2,,
unixmages,2,2,,
uniqpath,2,2,,
unicamp,3,2,,
uni-hamburg,2,2,,
umd,1,2,,
uiuc,1,2,,
uio,1,2,,
uillinois,2,2,,
ucl,3,2,,
ucdavis,2,2,,
ubc,1,2,,
tynker,1,2,,
tympanus,3,2,,
twistedmatrix,1,2,,
tweakblogs,1,2,,
tvtropes,2,2,,
tufts,1,2,,
tryfsharp,2,2,,
tryarc,2,2,,
tomshardware,1,2,,
tnbforum,1,2,,
tinypic,2,2,,
tikzedt,1,2,,
tician,2,2,,
think-like-a-git,2,2,,
theironyard,2,2,,
theguardian,1,2,,
thegreenplace,2,2,,
thecodelesscode,2,2,,
thc,1,2,,
textbooknova,1,2,,
tesc,3,2,,
techopedia,1,2,,
techmaker,1,2,,
techcrunch,1,2,,
tasvideos,1,2,,
talentbuddy,2,2,,
syr,2,2,,
swcguild,2,2,,
swaroopch,2,2,,
superfamicom,2,2,,
stuffistolefromtheinternet,2,2,,
studybyyourself,2,2,,
strikingly,1,2,,
stevelosh,2,2,,
steamcommunity,2,2,,
staticflickr,1,2,,
starthere,1,2,,
sqlfiddle,1,2,,
sqlcourse,2,2,,
southparkstudios,1,2,,
slidesharecdn,1,2,,
skilledup,1,2,,
sixrevisions,2,2,,
singpath,1,2,,
simonallardice,2,2,,
simmarket,2,2,,
shiffman,1,2,,
seaofbtc,2,2,,
scottlilly,2,2,,
scirra,1,2,,
sciencedaily,2,2,,
sbf5,2,2,,
sagemath,1,2,,
ryerson,2,2,,
rubytapas,1,2,,
rubyinside,2,2,,
rohos,1,2,,
roguebasin,2,2,,
robvanderwoude,2,2,,
robotgame,1,2,,
rob-bell,2,2,,
rexegg,2,2,,
requirejs,1,2,,
renpy,1,2,,
regehr,2,2,,
red3d,2,2,,
realworldhaskell,2,2,,
ratatype,1,2,,
railsgirls,1,2,,
railsforzombies,2,2,,
radioshack,1,2,,
radiolab,1,2,,
r-project,2,2,,
qntm,2,2,,
qkme,2,2,,
pyvideo,2,2,,
pythontutor,2,2,,
pythonhosted,2,2,,
python-requests,2,2,,
python-guide,2,2,,
pyschools,1,2,,
purebasic,1,2,,
programthis,2,2,,
programmingusingscala,2,2,,
programmingforanalysis,3,2,,
progit,1,2,,
processingjs,2,2,,
prntscr,2,2,,
prettydiff,2,2,,
preston-werner,1,2,,
pomf,2,2,,
phptherightway,2,2,,
pearsonhighered,2,2,,
pdx,2,2,,
parodius,2,2,,
pandorabots,2,2,,
pacificcollegiate,2,2,,
oxforddictionaries,2,2,,
osnews,2,2,,
osherove,2,2,,
oregonstate,2,2,,
opensecuritytraining,1,2,,
opengroup,2,2,,
openframeworks,1,2,,
open-std,2,2,,
onepagelove,1,2,,
one-tab,2,2,,
nymag,2,2,,
nih,1,2,,
newthinktank,2,2,,
netlib,2,2,,
netcom,1,2,,
neckbeardrepublic,1,2,,
ncsu,2,2,,
natashatherobot,2,2,,
nashvillesoftwareschool,2,2,,
mrelusive,2,2,,
mooc-list,2,2,,
monome,2,2,,
mindview,2,2,,
mindprod,2,2,,
microcorruption,1,2,,
metaobject,1,2,,
metacademy,1,2,,
memegenerator,2,2,,
mcedit,1,2,,
makery,2,2,,
logicmason,2,2,,
liquidweb,2,2,,
linuxfromscratch,2,2,,
linuxfoundation,2,2,,
lighttable,1,2,,
libsyn,2,2,,
libpng,1,2,,
letmereadyourtextbookforyou,1,2,,
leepoint,2,2,,
learnlayout,1,2,,
learnjavaonline,1,2,,
learningfundamentals,2,2,,
learncs,2,2,,
lbrandy,2,2,,
langpop,2,2,,
kylestratis,3,2,,
kongregate,2,2,,
kipirvine,1,2,,
kidsruby,3,2,,
kickassapp,1,2,,
jwz,2,2,,
jupiterbroadcasting,2,2,,
jumpstartlab,1,2,,
juce,1,2,,
jsperf,2,2,,
jondh,2,2,,
johndcook,2,2,,
joerogan,2,2,,
jeremykun,2,2,,
javaranch,2,2,,
jangosteve,2,2,,
iquilezles,2,2,,
huffingtonpost,2,2,,
htmlinspiration,2,2,,
htmlgoodies,2,2,,
html5up,1,2,,
haxx,2,2,,
hak5,2,2,,
hackertyper,2,2,,
hackerspaces,1,2,,
hackership,1,2,,
hackbrightacademy,2,2,,
hackaday,1,2,,
guistyles,2,2,,
greenspun,1,2,,
greenend,2,2,,
graphviz,1,2,,
gotw,1,2,,
google-melange,2,2,,
glovepie,1,2,,
globalnerdy,2,2,,
gitolite,1,2,,
gimpel,1,2,,
gifsplosion,2,2,,
gamespot,2,2,,
funroll-loops,1,2,,
fu-berlin,1,2,,
fsu,1,2,,
fsf,1,2,,
freetechbooks,1,2,,
freepascal,2,2,,
forthfreak,2,2,,
folklore,1,2,,
floating-point-gui,2,2,,
filezilla-project,1,2,,
fileinfo,1,2,,
filedropper,1,2,,
fabiensanglard,2,2,,
evolus,2,2,,
everydayutilitarian,2,2,,
ericsink,2,2,,
encosia,2,2,,
emberjs,1,2,,
emacsrocks,2,2,,
eglibc,2,2,,
eclemma,2,2,,
drdobbs,2,2,,
downforeveryoneorjustme,2,2,,
dourish,2,2,,
dol,2,2,,
djangogirls,2,2,,
digitaltutors,2,2,,
devwars,1,2,,
devv,2,2,,
devshed,2,2,,
derlien,2,2,,
ddns,1,2,,
db-class,1,2,,
dangermouse,2,2,,
dailymail,2,2,,
dabblet,1,2,,
cwa,2,2,,
csswizardry,2,2,,
cryptonomicon,1,2,,
cryptofails,2,2,,
creately,1,2,,
craftyjs,1,2,,
coreservlets,2,2,,
computerworld,2,2,,
computerhope,2,2,,
compohub,1,2,,
commonsware,1,2,,
commitstrip,3,2,,
commandlinefu,2,2,,
colourlovers,2,2,,
colemak,1,2,,
codon,2,2,,
coderdojo,2,2,,
coderace,1,2,,
codeoregon,2,2,,
codemontage,1,2,,
codemirror,2,2,,
codegolf,1,2,,
codeclubworld,2,2,,
chromeexperiments,2,2,,
charlespetzold,2,2,,
cern,1,2,,
catonmat,2,2,,
carmenbranje,1,2,,
calpoly,1,2,,
calnewport,2,2,,
buildingjavaprograms,2,2,,
boxcar2d,2,2,,
bottlepy,2,2,,
bootcamper,1,2,,
bitfountain,2,2,,
biography,1,2,,
bigocheatsheet,2,2,,
beust,2,2,,
bartoszmilewski,2,2,,
barnesandnoble,2,2,,
banshee,1,2,,
badlogicgames,2,2,,
backbonejs,1,2,,
atariarchives,2,2,,
artima,2,2,,
arclanguage,2,2,,
appcelerator,1,2,,
amara,2,2,,
adequacy,1,2,,
accu,2,2,,
a2oj,2,2,,
99-bottles-of-beer,3,2,,
5by5,2,2,,
495west,2,2,,
zimzat,1,1,,
zetcode,1,1,,
zeroturnaround,1,1,,
zenpencils,1,1,,
zenoli,1,1,,
zcache,1,1,,
zapier,1,1,,
zaiste,1,1,,
zachtronicsindustries,1,1,,
yuml,1,1,,
yuiblog,1,1,,
ytimg,1,1,,
yourwebsite,1,1,,
youngrewiredstate,1,1,,
youmightnotneedjquery,1,1,,
you-win-the-internet,1,1,,
yosefk,1,1,,
yorickpeterse,1,1,,
yannesposito,1,1,,
xojo,1,1,,
xcott,1,1,,
xamuel,1,1,,
wyncode,1,1,,
wtfjs,1,1,,
wpdesigner,1,1,,
wowebook,1,1,,
wotsit,1,1,,
worldtimebuddy,1,1,,
worldofleveldesign,1,1,,
worldmapper,1,1,,
workworkgames,1,1,,
wolfire,1,1,,
wisdomgroup,1,1,,
winterbe,1,1,,
williamwimberly,1,1,,
williamdurand,1,1,,
willamette,1,1,,
wiley,1,1,,
wildbunny,1,1,,
whylinuxisbetter,1,1,,
wholetomato,1,1,,
whatyoudontknow,1,1,,
whatswhereintheapple,1,1,,
whatsizekettlebell,1,1,,
welho,1,1,,
weforum,1,1,,
webtoolkit,1,1,,
webmonkey,1,1,,
webflow,1,1,,
webdevradio,1,1,,
webdesignledger,1,1,,
webdesignerdepot,1,1,,
webbyawards,1,1,,
wcthompson,1,1,,
waxy,1,1,,
watchmecode,1,1,,
waldenu,1,1,,
waitbutwhy,1,1,,
w3cook,1,1,,
viva64,1,1,,
visualmasm,1,1,,
visibone,1,1,,
virgilelliott,1,1,,
vimsnake,1,1,,
vimcheatsheet,1,1,,
vimcasts,1,1,,
viclib,1,1,,
viasfora,1,1,,
veryfunnypics,1,1,,
vermonster,1,1,,
vbtutor,1,1,,
vassalengine,1,1,,
vanrees,1,1,,
uwo,1,1,,
uwlax,1,1,,
utkarshsengar,1,1,,
utk,1,1,,
usertesting,1,1,,
userstyles,1,1,,
useducationtv,1,1,,
uscyberpatriot,1,1,,
usbgeek,1,1,,
usaultimate,1,1,,
usask,1,1,,
urbandharma,1,1,,
upworthy,1,1,,
unrarx,1,1,,
unknownroad,1,1,,
uni-lj,1,1,,
uni-linz,1,1,,
umlet,1,1,,
uesp,1,1,,
ubergizmo,1,1,,
ualberta,1,1,,
typingweb,1,1,,
ty-tek,1,1,,
txt2re,1,1,,
twoscoopspress,1,1,,
twolivesleft,1,1,,
twit,1,1,,
twistedoakstudios,1,1,,
tuxradar,1,1,,
tuxen,1,1,,
tuxar,1,1,,
tuwien,1,1,,
tutorila,1,1,,
tum,1,1,,
tuebl,1,1,,
tue,1,1,,
ttux,1,1,,
ttu,1,1,,
trypython,1,1,,
trylua,1,1,,
tryfoundation,1,1,,
tryerlang,1,1,,
trybutton,1,1,,
travis-ci,1,1,,
transcriptiongear,1,1,,
trainingbay,1,1,,
torontopubliclibrary,1,1,,
throwingfire,1,1,,
threevirtues,1,1,,
thisismetis,1,1,,
thinkingparallel,1,1,,
theweek,1,1,,
thestranger,1,1,,
thesparkgap,1,1,,
thesoundof,1,1,,
thesedonutshoppe,1,1,,
theregister,1,1,,
theonion,1,1,,
themoviedb,1,1,,
themobileys,1,1,,
themetapicture,1,1,,
themesrefinery,1,1,,
theinternetwishlist,1,1,,
thehipperelement,1,1,,
thegoodmooc,1,1,,
thegamerspost,1,1,,
thegamecreators,1,1,,
thefutureislikepie,1,1,,
thefreedictionary,1,1,,
theeyebook,1,1,,
theatlantic,1,1,,
thealmightyguru,1,1,,
textbookequity,1,1,,
texample,1,1,,
tessella,1,1,,
terminally-incoherent,1,1,,
templatemonster,1,1,,
tek-tips,1,1,,
tefl,1,1,,
techsmith,1,1,,
techguy,1,1,,
teamliquid,1,1,,
teachyourselftocode,1,1,,
teachingkidsprogramming,1,1,,
taylorhuston,1,1,,
talkpythontome,1,1,,
talkingpointsmemo,1,1,,
talkchess,1,1,,
tacticalneuronics,1,1,,
tac-tics,1,1,,
sysu,1,1,,
systembash,1,1,,
sync-blog,1,1,,
symbolhound,1,1,,
swu,1,1,,
swiftmailer,1,1,,
svenduplic,1,1,,
svbtle,1,1,,
surrey,1,1,,
suppadevelopments,1,1,,
supersimplestorageservice,1,1,,
supermeatboy,1,1,,
supergiantgames,1,1,,
supercratebox,1,1,,
sunysb,1,1,,
sugardune,1,1,,
suckless,1,1,,
stuffwithstuff,1,1,,
studentdebtbomb,1,1,,
strataconf,1,1,,
stilldrinking,1,1,,
stef,1,1,,
statuscode,1,1,,
statmt,1,1,,
startupweekend,1,1,,
startupsfortherestofus,1,1,,
startupschool,1,1,,
starling-software,1,1,,
standalone-sysadmin,1,1,,
stacked-crooked,1,1,,
sql-tutorial,1,1,,
sql-ex,1,1,,
sputnikpanik,1,1,,
spritebuilder,1,1,,
springrts,2,1,,
spreadmediang,1,1,,
spotflux,1,1,,
spokesman,1,1,,
splitsider,1,1,,
speakingjs,1,1,,
spcollege,1,1,,
sparkjava,1,1,,
souldeux,1,1,,
sommarskog,1,1,,
solvedns,1,1,,
solidstatesquad,1,1,,
solidfiles,1,1,,
solarianprogrammer,1,1,,
softwareniagara,1,1,,
softonic,1,1,,
socialmatchbox,1,1,,
snipcademy,1,1,,
snhu,1,1,,
snapzu,1,1,,
smerity,1,1,,
smcvt,1,1,,
smartinsights,1,1,,
smarterer,1,1,,
sleepanarchy,1,1,,
slash7,1,1,,
skillcrush,2,1,,
sketchucation,1,1,,
sketchingwithcode,1,1,,
siteduzero,1,1,,
sinsofasolarempire,1,1,,
simpsonswiki,1,1,,
simplynoise,1,1,,
simpleprogrammer,1,1,,
silverlock,1,1,,
silverex,1,1,,
sigcis,1,1,,
shrubbery,1,1,,
showmedo,1,1,,
shoptalkshow,1,1,,
shirky,1,1,,
shifteddd,1,1,,
sheddingbikes,1,1,,
shayhowe,1,1,,
sharesix,1,1,,
sfml-dev,1,1,,
setosa,1,1,,
serenesforest,1,1,,
sensiolabs,1,1,,
semo,1,1,,
selftaughtcoders,1,1,,
seleniumhq,1,1,,
seebs,1,1,,
securesolutions,1,1,,
sector7,1,1,,
seapine,1,1,,
sdltutorials,1,1,,
scriptcs,1,1,,
scoutstuff,1,1,,
scouting,1,1,,
scottkensell,1,1,,
sciencedirect,1,1,,
sciencebooksonline,1,1,,
scialert,1,1,,
schev,1,1,,
scherlis,1,1,,
scala-lang,1,1,,
sass-lang,1,1,,
santeon,1,1,,
sanctum,1,1,,
rypress,1,1,,
rwth-aachen,1,1,,
rust-lang,1,1,,
rumkin,1,1,,
rudism,1,1,,
rubylearning,1,1,,
rubyinstaller,1,1,,
rubyforge,1,1,,
rpscontest,1,1,,
rpgmakerweb,1,1,,
rowvid,1,1,,
rosalindfranklin,1,1,,
roll-dice-online,1,1,,
roguecentral,1,1,,
rockpaperazure,1,1,,
robotc,1,1,,
robertheaton,1,1,,
rlbironsupplyinc,1,1,,
rlbiron,1,1,,
rlbgcc,1,1,,
ripoffreport,1,1,,
rhodesmill,1,1,,
revolunet,1,1,,
reverberate,1,1,,
retractionwatch,1,1,,
restapitutorial,1,1,,
rentagrandma,1,1,,
regulargeek,1,1,,
regis,1,1,,
regexhero,1,1,,
regexcrossword,1,1,,
regexcheatsheet,1,1,,
refresh-sf,1,1,,
refdesk,1,1,,
reeborg,1,1,,
redfin,1,1,,
redditmedia,1,1,,
redditblog,1,1,,
redditanalytics,1,1,,
redditanalysis,1,1,,
realultimatepower,1,1,,
realtimerendering,1,1,,
reactivex,1,1,,
reactivemanifesto,1,1,,
reactionface,1,1,,
rayed,1,1,,
rationalwiki,1,1,,
raspberrywebserver,1,1,,
raspberrypihq,1,1,,
rampantgames,1,1,,
rainycafe,1,1,,
railsinstaller,1,1,,
radgametools,1,1,,
radford,1,1,,
racket-lang,1,1,,
qz,1,1,,
quotesvalley,1,1,,
qunitjs,1,1,,
quirksmode,1,1,,
pythonweekly,1,1,,
pythonforbeginners,1,1,,
pythonfiddle,1,1,,
pythoncentral,1,1,,
pythonb,1,1,,
pythonapi,1,1,,
pylonsproject,1,1,,
publicapis,1,1,,
pttrns,1,1,,
propublica,1,1,,
projectwisely,1,1,,
projectspark,1,1,,
programmr,1,1,,
programminghistorian,1,1,,
programmingcomputervision,1,1,,
progmofo,1,1,,
primerlabs,1,1,,
prezi,1,1,,
preshing,1,1,,
practicalmalwareanalysis,1,1,,
postgresqltutorial,1,1,,
poshcode,1,1,,
portlandplayhouse,1,1,,
portforward,1,1,,
portableapps,1,1,,
port70,1,1,,
pomodorotechnique,1,1,,
poj,1,1,,
plnkr,1,1,,
pleasingfungus,1,1,,
play-hookey,1,1,,
plantation-productions,1,1,,
planningforaliens,1,1,,
planetminecraft,1,1,,
planetgeek,1,1,,
planetcalypsoforum,1,1,,
pip-installer,2,1,,
pinvoke,1,1,,
pinimg,1,1,,
phys,1,1,,
phpmentoring,1,1,,
photobucket,1,1,,
philosopherdeveloper,1,1,,
phantomjs,1,1,,
phalconphp,1,1,,
pgexercises,1,1,,
pexforfun,1,1,,
pex4fun,1,1,,
peterprovost,1,1,,
peterbarrett,1,1,,
perfectionkills,1,1,,
pentesteracademy,1,1,,
pelicanthemes,1,1,,
pearsonvue,1,1,,
pearsoned,1,1,,
peadrop,1,1,,
pdf-archive,1,1,,
pcworld,1,1,,
pcper,1,1,,
pcmag,1,1,,
pbm,1,1,,
pbh2,1,1,,
paulbridger,1,1,,
patterntap,1,1,,
patriciopalladino,1,1,,
pathwayslms,1,1,,
panoramio,1,1,,
pangloss,1,1,,
pagebreakpodcast,1,1,,
pacman-vs-ghosts,1,1,,
osronline,1,1,,
osgameclones,1,1,,
osdever,1,1,,
osalt,1,1,,
orgmode,1,1,,
oreillyschool,1,1,,
orangecoastcollege,1,1,,
openvim,1,1,,
openpandora,1,1,,
opengameart,1,1,,
opendoorinternet,1,1,,
opendatastructures,1,1,,
openclassrooms,1,1,,
ooonter,1,1,,
oodesign,1,1,,
onyxneon,1,1,,
onthehub,1,1,,
onstartups,1,1,,
onecoolsitebloggingtips,1,1,,
omgmsg,1,1,,
omahacodeschool,1,1,,
ojr,1,1,,
ohmyz,1,1,,
offtonic,1,1,,
oecd,1,1,,
ocks,1,1,,
ocamlpro,1,1,,
oby,1,1,,
obeythetestinggoat,1,1,,
numbeo,1,1,,
nuigalway,1,1,,
nowkith,1,1,,
notepad-plus-plus,1,1,,
notdot,1,1,,
nosupportlinuxhosting,1,1,,
nolo,1,1,,
node-os,1,1,,
nndb,1,1,,
ninjacave,1,1,,
niice,1,1,,
nicta,1,1,,
nicolasgallagher,1,1,,
newyorker,1,1,,
newrafael,1,1,,
newdesigngroup,1,1,,
newartisans,1,1,,
newark,3,1,,
neuroproductions,1,1,,
neu,1,1,,
netfunny,1,1,,
net-tutorials,1,1,,
neilvandyke,1,1,,
natureofcode,1,1,,
nathansuniversity,1,1,,
naleid,1,1,,
mysqltutorial,1,1,,
myshopify,1,1,,
mypy-lang,1,1,,
mypearsonstore,1,1,,
mydigitalnomadblog,1,1,,
mycscommunity,1,1,,
myasmine,1,1,,
mxdwn,1,1,,
mutools,1,1,,
musicforprogramming,1,1,,
muppetlabs,1,1,,
mun,1,1,,
mulix,1,1,,
mtu,1,1,,
msmvps,1,1,,
mrspeaker,1,1,,
mottishaked,1,1,,
moserware,1,1,,
monkeycoder,1,1,,
moneylessmanifesto,1,1,,
mnemosyne-proj,1,1,,
ml-class,1,1,,
mitre,1,1,,
mitemitreski,1,1,,
missouristate,1,1,,
mindteq,1,1,,
mikesdotnetting,1,1,,
mikeconley,3,1,,
miguelgrinberg,1,1,,
miek,1,1,,
middlemanapp,1,1,,
michaelgr,1,1,,
menuetos,1,1,,
megaupload,1,1,,
mediafire,1,1,,
meanjs,1,1,,
mckoss,1,1,,
mchacks,1,1,,
matthewjamestaylor,1,1,,
matthewball,1,1,,
mattboldt,1,1,,
mathcove,1,1,,
mathblog,1,1,,
masti-xpress,1,1,,
mashable,1,1,,
martiansoftware,1,1,,
markwatson,1,1,,
mariowiki,1,1,,
marekrosa,1,1,,
marakana,1,1,,
maplesoft,1,1,,
mantisbt,1,1,,
manning-sandbox,1,1,,
makina-corpus,1,1,,
makeuseof,1,1,,
makeschool,1,1,,
makemeacodeninja,1,1,,
madewithmarmalade,1,1,,
macraedev,1,1,,
macosxautomation,1,1,,
lwn,1,1,,
lukew,1,1,,
lukeplant,1,1,,
ludriks,1,1,,
luc,1,1,,
lualearners,1,1,,
lslwiki,1,1,,
lookingforpullrequests,1,1,,
londoninternational,1,1,,
lokeshdhakar,1,1,,
lmu,1,1,,
livingafi,1,1,,
livetolearn,1,1,,
livescience,1,1,,
livememe,1,1,,
lithespeed,1,1,,
listverse,1,1,,
lisperator,1,1,,
liquidthink,1,1,,
linuxsurvival,1,1,,
linuxgazette,1,1,,
linustechtips,2,1,,
light-bot,1,1,,
lifengadget,1,1,,
levien,1,1,,
letsmakerobots,1,1,,
letoverlambda,1,1,,
lesswrong,1,1,,
lessmilk,1,1,,
lesscss,1,1,,
lescastcodeurs,1,1,,
lemire,1,1,,
leetorlame,1,1,,
leenissen,1,1,,
learnyousomeerlang,1,1,,
learntocodewith,1,1,,
learningnurse,1,1,,
learnerstv,1,1,,
leanderisd,1,1,,
laurenipsum,1,1,,
larryullman,1,1,,
laptopmag,1,1,,
language-exchanges,1,1,,
landoflisp,1,1,,
lamiradafinancial,2,1,,
kym-cdn,1,1,,
kuro5hin,1,1,,
kqed,1,1,,
kotaku,1,1,,
kohala,1,1,,
kodugamelab,1,1,,
knoweveryone,1,1,,
kitchensoap,1,1,,
kinja-img,1,1,,
kindredspiritsproject,1,1,,
keyxl,1,1,,
keylength,1,1,,
keybr,1,1,,
keyboardco,1,1,,
kevs3d,1,1,,
kevinwilliampang,1,1,,
kerneltrap,1,1,,
keepass,1,1,,
kdamball,1,1,,
katawa-shoujo,1,1,,
karbosguide,2,1,,
kalzumeus,1,1,,
jvns,1,1,,
jumbojoke,1,1,,
juansoto,1,1,,
jstherightway,1,1,,
jsonlint,1,1,,
jsoneditoronline,1,1,,
jsoftware,1,1,,
jsforcats,1,1,,
jsbeautifier,1,1,,
joselcontreras,1,1,,
joomla-and-more,1,1,,
jonls,1,1,,
joid,1,1,,
johnsmiley,1,1,,
johnmacfarlane,1,1,,
joequery,1,1,,
joeclark,1,1,,
jjj,1,1,,
jimmyhillis,1,1,,
jezebel,1,1,,
jekyllrb,1,1,,
jeffpainter,1,1,,
jeffersonswheel,1,1,,
jawsjs,1,1,,
javascriptshow,1,1,,
javascriptjabber,1,1,,
javascriptbook,1,1,,
javapuzzlers,1,1,,
javaposse,1,1,,
java-forums,1,1,,
jasonrbriggs,1,1,,
jamisbuck,1,1,,
jamesshuggins,1,1,,
jamesshore,1,1,,
jamesmolloy,1,1,,
jaist,1,1,,
itpub,1,1,,
it-ology-blog,1,1,,
irisclasson,1,1,,
ircmaxell,1,1,,
ioinformatics,1,1,,
inworldz,1,1,,
inventwithscratch,1,1,,
internaldrive,1,1,,
integralwebsolutions,1,1,,
instantrimshot,1,1,,
inquisitr,1,1,,
infosecinstitute,1,1,,
informer,1,1,,
informationisbeautiful,1,1,,
infiltec,1,1,,
imranontech,1,1,,
impressivewebs,1,1,,
images-amazon,1,1,,
ikeahackers,1,1,,
iimarck,1,1,,
igame3d,1,1,,
idiotinside,1,1,,
ideamachine,1,1,,
ideahaven,1,1,,
ibiblio,1,1,,
iastate,1,1,,
ianstormtaylor,1,1,,
hut8labs,1,1,,
humblebundle,1,1,,
htmlandcssbook,1,1,,
html5games,1,1,,
html5doctor,1,1,,
howfuckedismydatabase,1,1,,
hostsymposium,1,1,,
hostilefork,1,1,,
hostgator,1,1,,
hnpod,1,1,,
higherorderfun,1,1,,
hginit,1,1,,
hertzen,1,1,,
herongyang,1,1,,
heroesofnewerth,1,1,,
herbsutter,1,1,,
healthytyping,1,1,,
healthify,1,1,,
hckrnews,1,1,,
hccnet,1,1,,
hashphp,1,1,,
hascanvas,1,1,,
harvestapp,1,1,,
handerpants,1,1,,
hackuwin,1,1,,
hackucsc,1,1,,
hackthenorth,1,1,,
hacklang,1,1,,
hackingoff,1,1,,
hackerbracket,1,1,,
hackeracademy,1,1,,
hackedexistence,1,1,,
hackedapp,1,1,,
hack4,1,1,,
gwu,1,1,,
gsanchez83,1,1,,
grussell,1,1,,
grml,1,1,,
gregrickaby,1,1,,
greenwichmeantime,1,1,,
greenhillboxing,1,1,,
grc,1,1,,
grassrootshackathon,1,1,,
grantjenks,1,1,,
granneman,1,1,,
grammarist,1,1,,
gossamer-threads,1,1,,
gooseberrycreative,1,1,,
googleapis,1,1,,
goodui,1,1,,
gmane,1,1,,
githut,1,1,,
gitbooks,1,1,,
gistaki,1,1,,
girldevelopit,1,1,,
giphy,1,1,,
gilliscoaching,1,1,,
gigaom,1,1,,
gifsoup,1,1,,
gifrific,1,1,,
ggpht,1,1,,
getpocket,1,1,,
getpelican,1,1,,
getpaint,1,1,,
getlazarus,1,1,,
getkirby,1,1,,
getintopc,1,1,,
getcoldturkey,1,1,,
getcodie,2,1,,
georgetown,1,1,,
geopostcodes,1,1,,
geocoder,1,1,,
gentoomen,1,1,,
geekcode,1,1,,
gamingmouse,1,1,,
gamesketchlib,1,1,,
gameskechlib,1,1,,
gamesbygreg,1,1,,
gamejs,1,1,,
gamefromscratch,1,1,,
futurehosting,1,1,,
funnyisms,1,1,,
funcheap,1,1,,
fullstackradio,1,1,,
fruiapps,1,1,,
frompythonimportpodcast,1,1,,
frendz4m,1,1,,
freesound,1,1,,
freeos,1,1,,
freemathhelp,1,1,,
freeitonlinecourses,2,1,,
freedesktop,1,1,,
freecomputerbooks,1,1,,
free-electrons,1,1,,
framingham,1,1,,
fragmentedpodcast,1,1,,
fra,1,1,,
fpbridge,1,1,,
fourhourworkweek,1,1,,
fortrantutorial,1,1,,
formeremortals,1,1,,
formatccolon,1,1,,
fontpicker,1,1,,
fogus,1,1,,
fnxbasic,1,1,,
flowstopper,1,1,,
florian-berger,1,1,,
flatironschool,1,1,,
fixbyproximity,1,1,,
firebrandgames,1,1,,
filthyrichclients,1,1,,
fileformat,1,1,,
fightcodegame,1,1,,
feedly,1,1,,
fedgeno,1,1,,
fdik,1,1,,
favim,1,1,,
fau,1,1,,
fastcodesign,1,1,,
farmlogs,1,1,,
factorcode,1,1,,
f-spot,1,1,,
exploit-exercises,1,1,,
expertreviews,1,1,,
expertenough,1,1,,
existentialcomics,1,1,,
excelsior,1,1,,
excelforum,1,1,,
excelexposure,1,1,,
evilcult,1,1,,
everything2,1,1,,
everpath,1,1,,
evanmiller,1,1,,
ethanschoonover,1,1,,
errtheblog,1,1,,
ericleschinski,1,1,,
ergoemacs,1,1,,
endangeredsouls,1,1,,
emptycrate,1,1,,
emacswiki,1,1,,
elliotec,1,1,,
elkstein,1,1,,
elkosmas,1,1,,
elitekeyboards,1,1,,
ejohn,1,1,,
ehow,1,1,,
effectivedjango,1,1,,
edudemic,1,1,,
educaedu,1,1,,
edmundtse,1,1,,
edaboards,1,1,,
ecma-international,1,1,,
echoecho,1,1,,
ebooksfeed,1,1,,
easy68k,1,1,,
earthprimer,1,1,,
eaipatterns,1,1,,
e-tradition,1,1,,
dumblittleman,1,1,,
dtmf,1,1,,
dspguide,1,1,,
drpaulcarter,1,1,,
droidgamers,1,1,,
drewwilson,1,1,,
dreamwidth,1,1,,
dreampie,1,1,,
dreamingincode,1,1,,
drawspace,1,1,,
doughellmann,1,1,,
dotnetslackers,1,1,,
dotnetrocks,1,1,,
dontfeartheinternet,1,1,,
dochub,1,1,,
dllu,1,1,,
disneyaccelerator,1,1,,
dia-installer,1,1,,
dfrobot,1,1,,
devtytn,1,1,,
devstream,1,1,,
devnull-as-a-service,1,1,,
devguru,1,1,,
devdungeon,1,1,,
designforhackers,1,1,,
derekwyatt,1,1,,
denofgeek,1,1,,
deeplearning,1,1,,
db0,1,1,,
davidgow,1,1,,
davidbudden,1,1,,
davidarno,1,1,,
davesgalaxy,1,1,,
dave-reed,1,1,,
datanitro,1,1,,
datamation,1,1,,
databasejournal,1,1,,
dashnet,1,1,,
dashhacks,1,1,,
dapper,1,1,,
danielroop,1,1,,
dailywritingtips,1,1,,
dailymotion,1,1,,
dailyillini,1,1,,
dailyexpert,1,1,,
dailydot,1,1,,
cyberciti,1,1,,
cwi,1,1,,
cupm,1,1,,
cukes,1,1,,
csusb,1,1,,
csunplugged,1,1,,
cssvalues,1,1,,
csinterviews,1,1,,
cryptographyengineering,1,1,,
crunchzilla,1,1,,
crunchyroll,1,1,,
crunchy,0,1,,
crowdint,1,1,,
creattica,1,1,,
creationkit,1,1,,
crackmes,1,1,,
cra-arc,1,1,,
cpuville,1,1,,
cpprocks,1,1,,
cpp-netlib,1,1,,
cpan-prc,1,1,,
coursetalk,1,1,,
coursesweb,1,1,,
coursesmart,1,1,,
coronalabs,1,1,,
corecommunication,1,1,,
copypasterepost,1,1,,
copyblogger,1,1,,
consumersearch,1,1,,
conqueringthecommandline,1,1,,
confreaks,1,1,,
conceptart,1,1,,
compuversity,1,1,,
compciv,1,1,,
commitlogsfromlastnight,1,1,,
comicvine,1,1,,
coloradomentoring,1,1,,
collegeboard,1,1,,
codingstyleguide,1,1,,
codinghouse,1,1,,
codingfreedom,1,1,,
codeutopia,1,1,,
codetriage,1,1,,
coderdojosv,1,1,,
codercamps,1,1,,
codepo,1,1,,
codeofaninja,2,1,,
codeobsessed,1,1,,
codenvy,1,1,,
codekata,1,1,,
codeconnect,1,1,,
codecall,1,1,,
codebymath,1,1,,
cocos2d-iphone,1,1,,
coboloncogs,1,1,,
co-funded,1,1,,
clubmooc,1,1,,
cloudapp,1,1,,
clker,1,1,,
cliki,1,1,,
clickteam,1,1,,
cjcasey,1,1,,
chuckdries,1,1,,
chronus,1,1,,
chronicle,1,1,,
chromeextensions,1,1,,
chromebookhq,1,1,,
christophermeiklejohn,1,1,,
chrishateswriting,1,1,,
chrisaitchison,1,1,,
chneukirchen,1,1,,
cheatography,1,1,,
chartjs,1,1,,
charlieintel,1,1,,
chadfowler,1,1,,
ccc,1,1,,
catchyourhare,1,1,,
catalystclass,1,1,,
casterconnection,1,1,,
caniuse,1,1,,
callmekung,1,1,,
c-faq,1,1,,
bytesforthought,1,1,,
buildawesomewebsites,1,1,,
buhoz,1,1,,
btu,1,1,,
brucey,1,1,,
brpreiss,1,1,,
brettterpstra,1,1,,
brandeis,1,1,,
brain-dump,1,1,,
boyslife,1,1,,
bottlerocketapps,1,1,,
boostrpg,1,1,,
bookzz,1,1,,
bookshelfjs,1,1,,
booki,1,1,,
bookdepository,1,1,,
bookboon,1,1,,
bombjack,1,1,,
boingboing,1,1,,
bobby-tables,1,1,,
boardgamegeek,1,1,,
boagworld,1,1,,
bni,1,1,,
bluepelicanjava,1,1,,
bluejprojects,1,1,,
bloomberg,1,1,,
blitzbasic,1,1,,
blackwasp,1,1,,
blackrabbitcoder,1,1,,
blackgirlscode,1,1,,
bkcore,1,1,,
bitpay,1,1,,
bildr,1,1,,
bighugelabs,1,1,,
bigbluebutton,1,1,,
bigbaddie,1,1,,
bidnessetc,1,1,,
bhami,1,1,,
bham,1,1,,
bhalash,1,1,,
beyond3d,1,1,,
betterexplained,1,1,,
bestplaces,1,1,,
bestcollegereviews,1,1,,
bennadel,1,1,,
beginnerscpp,1,1,,
beaqn,1,1,,
bazel,1,1,,
baylor,1,1,,
bay12games,1,1,,
batsov,1,1,,
bandcamp,1,1,,
bamagazine,1,1,,
baltimoresun,1,1,,
badvoltage,1,1,,
awesomeincu,1,1,,
autoitscript,1,1,,
audio-technica,1,1,,
atwebpages,1,1,,
atp,1,1,,
atomicobject,1,1,,
astonj,1,1,,
asmtutor,1,1,,
askubuntu,1,1,,
asciiflow,1,1,,
arxiv,1,1,,
arunrocks,1,1,,
artoo,1,1,,
artofgamedesign,1,1,,
arshaan,1,1,,
arnaudov,1,1,,
armstrong,1,1,,
apprendrelecode,1,1,,
apportable,1,1,,
appfuse,1,1,,
apihandyman,1,1,,
apdevblog,1,1,,
apa,1,1,,
antrix,1,1,,
antipatterns,1,1,,
antimon,1,1,,
andyshora,1,1,,
androidatc,1,1,,
andreasviklund,1,1,,
amrita,1,1,,
amber-lang,1,1,,
alvinashcraft,1,1,,
alvechurchdata,1,1,,
alternativeto,1,1,,
altdevblogaday,1,1,,
alphatolaunch,1,1,,
allthingsdistributed,1,1,,
allaboutcircuits,1,1,,
alison,1,1,,
algorithmist,1,1,,
algomation,1,1,,
alexott,1,1,,
albinoblacksheep,1,1,,
akkadia,1,1,,
ajkp,1,1,,
ajhicks,1,1,,
aitopics,1,1,,
agner,1,1,,
agiliq,1,1,,
aghicks,1,1,,
afterhoursprogramming,1,1,,
aegisub,1,1,,
adnansiddiqi,1,1,,
addyosmani,1,1,,
adayinthelifeof,1,1,,
adamwhitcroft,1,1,,
adamkdean,1,1,,
adamkaplan,1,1,,
acceleratedcpp,1,1,,
a-eskwadraat,1,1,,
99projects,1,1,,
52weeksofux,1,1,,
4share,1,1,,
360training,1,1,,
3000newswire,1,1,,
24ways,1,1,,
247sports,1,1,,
2038bug,1,1,,
10fastfingers,1,1,,
30000000000000000,1,1,,
hackety hack,0,0,,
